{"num_layers": 8, "d_model": 128, "d_input": 4, "num_heads": 8, "dff": 256, "pos_encoding_enc": 16, "pos_encoding_dec": 60, "batch_size": 64, "warmup_steps": 1000, "model_name": "13Feb2022-19h17m06s", "pooling": false, "optimizer": "Adam", "tte": [30, 60], "reg_lambda": 1.5, "cl_lambda": 0.8, "acc": 0.8994082840236687, "f1": 0.8060836501901141, "conf_matrix": "[[0.92838196 0.07161804]\n [0.18461538 0.81538462]]", "auc": 0.8718832891246685}