{"num_layers": 4, "d_model": 128, "d_input": 4, "num_heads": 8, "dff": 256, "pos_encoding": 16, "batch_size": 32, "warmup_steps": 1000, "model_name": "13Feb2022-21h19m53s", "pooling": false, "optimizer": "Adam", "tte": [30, 60], "seed": 42, "acc": 0.8660030627871363, "f1": 0.7878787878787878, "conf_matrix": "[[0.85744681 0.14255319]\n [0.11202186 0.88797814]]", "auc": 0.8727124752935705}
